{
  "sequence": "v1_p9",
  "events": [
    {
      "type": "pass",
      "t_release": 2,
      "t_catch": 3,
      "from_xy": [
        255.69408,
        301.43304
      ],
      "to_xy": [
        230.03904,
        311.56488
      ]
    },
    {
      "type": "pass",
      "t_release": 6,
      "t_catch": 7,
      "from_xy": [
        520.95232,
        288.43056
      ],
      "to_xy": [
        760.62592,
        320.03064
      ]
    }
  ]
}