{
  "sequence": "v1_p7",
  "events": [
    {
      "type": "pass",
      "t_release": 4,
      "t_catch": 5,
      "from_xy": [
        484.8128,
        386.0956800000001
      ],
      "to_xy": [
        743.09376,
        381.01968000000005
      ]
    },
    {
      "type": "pass",
      "t_release": 5,
      "t_catch": 6,
      "from_xy": [
        743.09376,
        381.01968000000005
      ],
      "to_xy": [
        905.2364799999999,
        416.81304
      ]
    }
  ]
}