{
  "sequence": "v1_p5",
  "events": [
    {
      "type": "pass",
      "t_release": 1,
      "t_catch": 2,
      "from_xy": [
        537.04064,
        410.44463999999994
      ],
      "to_xy": [
        345.50144,
        429.83135999999996
      ]
    }
  ]
}