{
  "sequence": "v1_p8",
  "events": [
    {
      "type": "pass",
      "t_release": 4,
      "t_catch": 5,
      "from_xy": [
        488.06784,
        274.52376
      ],
      "to_xy": [
        377.92384,
        239.59152
      ]
    }
  ]
}