{
  "sequence": "v2_p5",
  "events": [
    {
      "type": "pass",
      "t_release": 7,
      "t_catch": 8,
      "from_xy": [
        366.40896,
        194.20416000000003
      ],
      "to_xy": [
        276.99072,
        275.93928000000005
      ]
    }
  ]
}