{
  "sequence": "v2_p4",
  "events": [
    {
      "type": "pass",
      "t_release": 2,
      "t_catch": 3,
      "from_xy": [
        638.60864,
        255.66768000000005
      ],
      "to_xy": [
        612.58368,
        313.05384
      ]
    },
    {
      "type": "pass",
      "t_release": 10,
      "t_catch": 11,
      "from_xy": [
        567.6684799999999,
        178.3512
      ],
      "to_xy": [
        558.3232,
        170.56152
      ]
    }
  ]
}