{
  "sequence": "v3_p3",
  "events": [
    {
      "type": "pass",
      "t_release": 7,
      "t_catch": 8,
      "from_xy": [
        405.4208,
        489.05928
      ],
      "to_xy": [
        443.00544,
        413.96183999999994
      ]
    }
  ]
}